category,title,image_fnm,image_url,images
Architecture & Interiors,A mirror sitting on top of a wooden shelf photo,photo-1710866353273-5083a33f1f79.avif,https://images.unsplash.com/photo-1710866353273-5083a33f1f79?q=80&w=1000&auto=format&fit=crop&ixlib=rb-4.0.3&ixid=M3wxMjA3fDB8MHxwaG90by1wYWdlfHx8fGVufDB8fHx8fA%3D%3D,
Architecture & Interiors,A pair of shoes sitting on the ground next to a building photo,photo-1710785308264-2e12944d4c3d.avif,https://images.unsplash.com/photo-1710785308264-2e12944d4c3d?q=80&w=1000&auto=format&fit=crop&ixlib=rb-4.0.3&ixid=M3wxMjA3fDB8MHxwaG90by1wYWdlfHx8fGVufDB8fHx8fA%3D%3D,
Architecture & Interiors,A room with a dresser and a lamp on the wall photo,photo-1710779140421-9d2f3b1d1cd0.avif,https://images.unsplash.com/photo-1710779140421-9d2f3b1d1cd0?q=80&w=1000&auto=format&fit=crop&ixlib=rb-4.0.3&ixid=M3wxMjA3fDB8MHxwaG90by1wYWdlfHx8fGVufDB8fHx8fA%3D%3D,
Textures & Patterns,Brown and black wooden surface photo,photo-1609709725221-d3c6bdadc166.avif,https://images.unsplash.com/photo-1609709725221-d3c6bdadc166?q=80&w=1000&auto=format&fit=crop&ixlib=rb-4.0.3&ixid=M3wxMjA3fDB8MHxwaG90by1wYWdlfHx8fGVufDB8fHx8fA%3D%3D,
Architecture & Interiors,A couple of white chairs sitting next to a white building photo,photo-1710630991610-798ddb7d0e20.avif,https://images.unsplash.com/photo-1710630991610-798ddb7d0e20?q=80&w=1000&auto=format&fit=crop&ixlib=rb-4.0.3&ixid=M3wxMjA3fDB8MHxwaG90by1wYWdlfHx8fGVufDB8fHx8fA%3D%3D,
Architecture & Interiors,A white building with a red door sitting on top of a beach photo,photo-1710376624049-8e439bd1d108.avif,https://images.unsplash.com/photo-1710376624049-8e439bd1d108?q=80&w=1000&auto=format&fit=crop&ixlib=rb-4.0.3&ixid=M3wxMjA3fDB8MHxwaG90by1wYWdlfHx8fGVufDB8fHx8fA%3D%3D,
Architecture & Interiors,Roof of a building photo,photo-1681375989516-a46089a320fe.avif,https://images.unsplash.com/photo-1681375989516-a46089a320fe?q=80&w=1000&auto=format&fit=crop&ixlib=rb-4.0.3&ixid=M3wxMjA3fDB8MHxwaG90by1wYWdlfHx8fGVufDB8fHx8fA%3D%3D,
Architecture & Interiors,A chair and a table in a room photo,photo-1709879489296-de8f13612d65.avif,https://images.unsplash.com/photo-1709879489296-de8f13612d65?q=80&w=1000&auto=format&fit=crop&ixlib=rb-4.0.3&ixid=M3wxMjA3fDB8MHxwaG90by1wYWdlfHx8fGVufDB8fHx8fA%3D%3D,
Architecture & Interiors,A plant in a white vase on a wooden floor photo,photo-1710505235704-067b23a994a4.avif,https://images.unsplash.com/photo-1710505235704-067b23a994a4?q=80&w=1000&auto=format&fit=crop&ixlib=rb-4.0.3&ixid=M3wxMjA3fDB8MHxwaG90by1wYWdlfHx8fGVufDB8fHx8fA%3D%3D,
Architecture & Interiors,A large white room with a large window photo,photo-1710856422012-1cde62c4085e.avif,https://images.unsplash.com/photo-1710856422012-1cde62c4085e?q=80&w=1000&auto=format&fit=crop&ixlib=rb-4.0.3&ixid=M3wxMjA3fDB8MHxwaG90by1wYWdlfHx8fGVufDB8fHx8fA%3D%3D,
Textures & Patterns,Brown and white water splash photo,photo-1602536100338-c7762727ddb7.avif,https://images.unsplash.com/photo-1602536100338-c7762727ddb7?q=80&w=1000&auto=format&fit=crop&ixlib=rb-4.0.3&ixid=M3wxMjA3fDB8MHxwaG90by1wYWdlfHx8fGVufDB8fHx8fA%3D%3D,
Textures & Patterns,A man in a white shirt is looking at the camera photo,premium_photo-1710364762894-07344f98e0c8.avif,https://plus.unsplash.com/premium_photo-1710364762894-07344f98e0c8?q=80&w=1000&auto=format&fit=crop&ixlib=rb-4.0.3&ixid=M3wxMjA3fDB8MHxwaG90by1wYWdlfHx8fGVufDB8fHx8fA%3D%3D,
Textures & Patterns,A close up of a bunch of flowers on a white background photo,photo-1710537432988-516a114f5955.avif,https://images.unsplash.com/photo-1710537432988-516a114f5955?q=80&w=1000&auto=format&fit=crop&ixlib=rb-4.0.3&ixid=M3wxMjA3fDB8MHxwaG90by1wYWdlfHx8fGVufDB8fHx8fA%3D%3D,
Textures & Patterns,A bed with a green comforter and a white pillow photo,photo-1709877354596-00317100c106.avif,https://images.unsplash.com/photo-1709877354596-00317100c106?q=80&w=1000&auto=format&fit=crop&ixlib=rb-4.0.3&ixid=M3wxMjA3fDB8MHxwaG90by1wYWdlfHx8fGVufDB8fHx8fA%3D%3D,
Textures & Patterns,A close up of a bunch of pine cones photo,photo-1710385058089-846891798fee.avif,https://images.unsplash.com/photo-1710385058089-846891798fee?q=80&w=1000&auto=format&fit=crop&ixlib=rb-4.0.3&ixid=M3wxMjA3fDB8MHxwaG90by1wYWdlfHx8fGVufDB8fHx8fA%3D%3D,
Textures & Patterns,Assorted-color jellyfish painting photo,photo-1559291001-693fb9166cba.avif,https://images.unsplash.com/photo-1559291001-693fb9166cba?q=80&w=1000&auto=format&fit=crop&ixlib=rb-4.0.3&ixid=M3wxMjA3fDB8MHxwaG90by1wYWdlfHx8fGVufDB8fHx8fA%3D%3D,
3D Renders,A close-up of a circuit board photo,photo-1670093179011-06eae060bbf9.avif,https://images.unsplash.com/photo-1670093179011-06eae060bbf9?q=80&w=1000&auto=format&fit=crop&ixlib=rb-4.0.3&ixid=M3wxMjA3fDB8MHxwaG90by1wYWdlfHx8fGVufDB8fHx8fA%3D%3D,
3D Renders,A black and blue background with wavy lines photo,photo-1704895390342-b52a2f45786c.avif,https://images.unsplash.com/photo-1704895390342-b52a2f45786c?q=80&w=1000&auto=format&fit=crop&ixlib=rb-4.0.3&ixid=M3wxMjA3fDB8MHxwaG90by1wYWdlfHx8fGVufDB8fHx8fA%3D%3D,
3D Renders,A close up of a blue and white cloth photo,photo-1709842443860-9775cb6d3f2f.avif,https://images.unsplash.com/photo-1709842443860-9775cb6d3f2f?q=80&w=1000&auto=format&fit=crop&ixlib=rb-4.0.3&ixid=M3wxMjA3fDB8MHxwaG90by1wYWdlfHx8fGVufDB8fHx8fA%3D%3D,
3D Renders,A large group of white lego blocks sitting on top of a blue surface photo,premium_photo-1707520643326-c59718cf9563.avif,https://plus.unsplash.com/premium_photo-1707520643326-c59718cf9563?q=80&w=1000&auto=format&fit=crop&ixlib=rb-4.0.3&ixid=M3wxMjA3fDB8MHxwaG90by1wYWdlfHx8fGVufDB8fHx8fA%3D%3D,
Textures & Patterns,A small tree with lots of leaves in a foggy area photo,premium_photo-1706800283108-8cf524fa4bc4.avif,https://plus.unsplash.com/premium_photo-1706800283108-8cf524fa4bc4?q=80&w=1000&auto=format&fit=crop&ixlib=rb-4.0.3&ixid=M3wxMjA3fDB8MHxwaG90by1wYWdlfHx8fGVufDB8fHx8fA%3D%3D,
3D Renders,A black and blue background with wavy lines photo,photo-1709842443815-590fd6ee1307.avif,https://images.unsplash.com/photo-1709842443815-590fd6ee1307?q=80&w=1000&auto=format&fit=crop&ixlib=rb-4.0.3&ixid=M3wxMjA3fDB8MHxwaG90by1wYWdlfHx8fGVufDB8fHx8fA%3D%3D,
Textures & Patterns,A bunch of purple and white flowers in a field photo,photo-1709522499749-0085cbf67655.avif,https://images.unsplash.com/photo-1709522499749-0085cbf67655?q=80&w=1000&auto=format&fit=crop&ixlib=rb-4.0.3&ixid=M3wxMjA3fDB8MHxwaG90by1wYWdlfHx8fGVufDB8fHx8fA%3D%3D,
3D Renders,A black background with a blue object in the middle of it photo,photo-1703881796581-4d52dbe232cc.avif,https://images.unsplash.com/photo-1703881796581-4d52dbe232cc?q=80&w=1000&auto=format&fit=crop&ixlib=rb-4.0.3&ixid=M3wxMjA3fDB8MHxwaG90by1wYWdlfHx8fGVufDB8fHx8fA%3D%3D,
3D Renders,A large body of water with a moon in the sky photo,photo-1670901391503-f6a80a0d91a6.avif,https://images.unsplash.com/photo-1670901391503-f6a80a0d91a6?q=80&w=1000&auto=format&fit=crop&ixlib=rb-4.0.3&ixid=M3wxMjA3fDB8MHxwaG90by1wYWdlfHx8fGVufDB8fHx8fA%3D%3D,
3D Renders,A group of boats floating on top of a body of water photo,premium_photo-1708799052819-e21da912b65b.avif,https://plus.unsplash.com/premium_photo-1708799052819-e21da912b65b?q=80&w=1000&auto=format&fit=crop&ixlib=rb-4.0.3&ixid=M3wxMjA3fDB8MHxwaG90by1wYWdlfHx8fGVufDB8fHx8fA%3D%3D,
Nature,A close up of a green leafy plant photo,photo-1710583554056-07829cb4b424.avif,https://images.unsplash.com/photo-1710583554056-07829cb4b424?q=80&w=1000&auto=format&fit=crop&ixlib=rb-4.0.3&ixid=M3wxMjA3fDB8MHxwaG90by1wYWdlfHx8fGVufDB8fHx8fA%3D%3D,
Nature,A body of water with dead trees in it photo,photo-1710594098035-96dba6e11130.avif,https://images.unsplash.com/photo-1710594098035-96dba6e11130?q=80&w=1000&auto=format&fit=crop&ixlib=rb-4.0.3&ixid=M3wxMjA3fDB8MHxwaG90by1wYWdlfHx8fGVufDB8fHx8fA%3D%3D,
Nature,A tree filled with lots of white flowers photo,photo-1710696181149-f536f54e39a4.avif,https://images.unsplash.com/photo-1710696181149-f536f54e39a4?q=80&w=1000&auto=format&fit=crop&ixlib=rb-4.0.3&ixid=M3wxMjA3fDB8MHxwaG90by1wYWdlfHx8fGVufDB8fHx8fA%3D%3D,
Nature,A group of cows grazing in a field photo,photo-1710871329594-b962eb958bc9.avif,https://images.unsplash.com/photo-1710871329594-b962eb958bc9?q=80&w=1000&auto=format&fit=crop&ixlib=rb-4.0.3&ixid=M3wxMjA3fDB8MHxwaG90by1wYWdlfHx8fGVufDB8fHx8fA%3D%3D,
Nature,A view of a snow covered mountain from a distance photo,photo-1672237020985-2e38261617f9.avif,https://images.unsplash.com/photo-1672237020985-2e38261617f9?q=80&w=1000&auto=format&fit=crop&ixlib=rb-4.0.3&ixid=M3wxMjA3fDB8MHxwaG90by1wYWdlfHx8fGVufDB8fHx8fA%3D%3D,
Nature,A snow covered mountain with a clear blue sky photo,photo-1677492046987-4248aa4e8e7b.avif,https://images.unsplash.com/photo-1677492046987-4248aa4e8e7b?q=80&w=1000&auto=format&fit=crop&ixlib=rb-4.0.3&ixid=M3wxMjA3fDB8MHxwaG90by1wYWdlfHx8fGVufDB8fHx8fA%3D%3D,
Nature,A body of water surrounded by snow covered mountains photo,photo-1710761820157-506def8eaa6a.avif,https://images.unsplash.com/photo-1710761820157-506def8eaa6a?q=80&w=1000&auto=format&fit=crop&ixlib=rb-4.0.3&ixid=M3wxMjA3fDB8MHxwaG90by1wYWdlfHx8fGVufDB8fHx8fA%3D%3D,
Nature,A bunch of pink flowers on a tree photo,photo-1710694859503-1cee9c2af2c5.avif,https://images.unsplash.com/photo-1710694859503-1cee9c2af2c5?q=80&w=1000&auto=format&fit=crop&ixlib=rb-4.0.3&ixid=M3wxMjA3fDB8MHxwaG90by1wYWdlfHx8fGVufDB8fHx8fA%3D%3D,
Nature,A close up of a bunch of flowers photo,photo-1710909664014-905cd4a983a9.avif,https://images.unsplash.com/photo-1710909664014-905cd4a983a9?q=80&w=1000&auto=format&fit=crop&ixlib=rb-4.0.3&ixid=M3wxMjA3fDB8MHxwaG90by1wYWdlfHx8fGVufDB8fHx8fA%3D%3D,
Street Photography,A group of people moving down an escalator photo,photo-1710781404053-dc7ffa39c996.avif,https://images.unsplash.com/photo-1710781404053-dc7ffa39c996?q=80&w=1000&auto=format&fit=crop&ixlib=rb-4.0.3&ixid=M3wxMjA3fDB8MHxwaG90by1wYWdlfHx8fGVufDB8fHx8fA%3D%3D,
Street Photography,Two empty wine glasses sitting on a table in front of a window photo,photo-1710775715236-7abbac43ecb0.avif,https://images.unsplash.com/photo-1710775715236-7abbac43ecb0?q=80&w=1000&auto=format&fit=crop&ixlib=rb-4.0.3&ixid=M3wxMjA3fDB8MHxwaG90by1wYWdlfHx8fGVufDB8fHx8fA%3D%3D,
Street Photography,A busy city street at night with a lot of traffic photo,photo-1710829644723-f432353d7216.avif,https://images.unsplash.com/photo-1710829644723-f432353d7216?q=80&w=1000&auto=format&fit=crop&ixlib=rb-4.0.3&ixid=M3wxMjA3fDB8MHxwaG90by1wYWdlfHx8fGVufDB8fHx8fA%3D%3D,
Street Photography,A man on a motorcycle carrying a large bundle of leaves photo,photo-1710563142952-02ac8e596f18.avif,https://images.unsplash.com/photo-1710563142952-02ac8e596f18?q=80&w=1000&auto=format&fit=crop&ixlib=rb-4.0.3&ixid=M3wxMjA3fDB8MHxwaG90by1wYWdlfHx8fGVufDB8fHx8fA%3D%3D,
Street Photography,A man standing in front of a train at a train station photo,photo-1710831784457-f081a2d50d04.avif,https://images.unsplash.com/photo-1710831784457-f081a2d50d04?q=80&w=1000&auto=format&fit=crop&ixlib=rb-4.0.3&ixid=M3wxMjA3fDB8MHxwaG90by1wYWdlfHx8fGVufDB8fHx8fA%3D%3D,
Street Photography,A couple of people walking down a street next to tall buildings photo,photo-1710839031473-27be50909585.avif,https://images.unsplash.com/photo-1710839031473-27be50909585?q=80&w=1000&auto=format&fit=crop&ixlib=rb-4.0.3&ixid=M3wxMjA3fDB8MHxwaG90by1wYWdlfHx8fGVufDB8fHx8fA%3D%3D,
Street Photography,A large mosaic with people walking around it photo,photo-1710840673642-3b191437f716.avif,https://images.unsplash.com/photo-1710840673642-3b191437f716?q=80&w=1000&auto=format&fit=crop&ixlib=rb-4.0.3&ixid=M3wxMjA3fDB8MHxwaG90by1wYWdlfHx8fGVufDB8fHx8fA%3D%3D,
Street Photography,A city street with a car parked on the side of it photo,photo-1710888171369-ab6b3890adb5.avif,https://images.unsplash.com/photo-1710888171369-ab6b3890adb5?q=80&w=1000&auto=format&fit=crop&ixlib=rb-4.0.3&ixid=M3wxMjA3fDB8MHxwaG90by1wYWdlfHx8fGVufDB8fHx8fA%3D%3D,
Travel,A house with a thatched roof surrounded by palm trees photo,photo-1710563138874-4bac91c14e51.avif,https://images.unsplash.com/photo-1710563138874-4bac91c14e51?q=80&w=1000&auto=format&fit=crop&ixlib=rb-4.0.3&ixid=M3wxMjA3fDB8MHxwaG90by1wYWdlfHx8fGVufDB8fHx8fA%3D%3D,
Travel,A horse drawn carriage in front of a yellow building photo,photo-1710449703774-4d18a0a0f67a.avif,https://images.unsplash.com/photo-1710449703774-4d18a0a0f67a?q=80&w=1000&auto=format&fit=crop&ixlib=rb-4.0.3&ixid=M3wxMjA3fDB8MHxwaG90by1wYWdlfHx8fGVufDB8fHx8fA%3D%3D,
Travel,A bridge over a body of water at night photo,photo-1710417953375-9e5dfb9c3fd1.avif,https://images.unsplash.com/photo-1710417953375-9e5dfb9c3fd1?q=80&w=1000&auto=format&fit=crop&ixlib=rb-4.0.3&ixid=M3wxMjA3fDB8MHxwaG90by1wYWdlfHx8fGVufDB8fHx8fA%3D%3D,
Travel,A man standing on top of a snow covered slope photo,premium_photo-1709311451252-fbe6d75e3cc5.avif,https://plus.unsplash.com/premium_photo-1709311451252-fbe6d75e3cc5?q=80&w=1000&auto=format&fit=crop&ixlib=rb-4.0.3&ixid=M3wxMjA3fDB8MHxwaG90by1wYWdlfHx8fGVufDB8fHx8fA%3D%3D,
Travel,The sun is setting over the ocean with rocks in the foreground photo,photo-1709238672317-9464e3d278e2.avif,https://images.unsplash.com/photo-1709238672317-9464e3d278e2?q=80&w=1000&auto=format&fit=crop&ixlib=rb-4.0.3&ixid=M3wxMjA3fDB8MHxwaG90by1wYWdlfHx8fGVufDB8fHx8fA%3D%3D,
Travel,A person standing in the snow near a body of water photo,photo-1705774018984-af74ccbd6a21.avif,https://images.unsplash.com/photo-1705774018984-af74ccbd6a21?q=80&w=1000&auto=format&fit=crop&ixlib=rb-4.0.3&ixid=M3wxMjA3fDB8MHxwaG90by1wYWdlfHx8fGVufDB8fHx8fA%3D%3D,
Travel,Three empty kayaks photo,photo-1496136020985-25245544452d.avif,https://images.unsplash.com/photo-1496136020985-25245544452d?q=80&w=1000&auto=format&fit=crop&ixlib=rb-4.0.3&ixid=M3wxMjA3fDB8MHxwaG90by1wYWdlfHx8fGVufDB8fHx8fA%3D%3D,
Travel,A city with a castle in the background photo,photo-1677088294485-65750d3aab45.avif,https://images.unsplash.com/photo-1677088294485-65750d3aab45?q=80&w=1000&auto=format&fit=crop&ixlib=rb-4.0.3&ixid=M3wxMjA3fDB8MHxwaG90by1wYWdlfHx8fGVufDB8fHx8fA%3D%3D,
Travel,Architectural photography of bride photo,photo-1506914477279-2a70d901e5d6.avif,https://images.unsplash.com/photo-1506914477279-2a70d901e5d6?q=80&w=1000&auto=format&fit=crop&ixlib=rb-4.0.3&ixid=M3wxMjA3fDB8MHxwaG90by1wYWdlfHx8fGVufDB8fHx8fA%3D%3D,
Film,A white picket fence sitting next to a lush green field photo,photo-1710633870303-8636a3b33cf6.avif,https://images.unsplash.com/photo-1710633870303-8636a3b33cf6?q=80&w=1000&auto=format&fit=crop&ixlib=rb-4.0.3&ixid=M3wxMjA3fDB8MHxwaG90by1wYWdlfHx8fGVufDB8fHx8fA%3D%3D,
Film,A pile of pumpkins sitting outside of a house photo,photo-1710156155070-9b1b8132e0c5.avif,https://images.unsplash.com/photo-1710156155070-9b1b8132e0c5?q=80&w=1000&auto=format&fit=crop&ixlib=rb-4.0.3&ixid=M3wxMjA3fDB8MHxwaG90by1wYWdlfHx8fGVufDB8fHx8fA%3D%3D,
Film,A couple of people riding bikes down a street photo,photo-1710791606942-97b65efca103.avif,https://images.unsplash.com/photo-1710791606942-97b65efca103?q=80&w=1000&auto=format&fit=crop&ixlib=rb-4.0.3&ixid=M3wxMjA3fDB8MHxwaG90by1wYWdlfHx8fGVufDB8fHx8fA%3D%3D,
Film,A couple of people walking down a sidewalk photo,photo-1710848725219-c621ef0055f2.avif,https://images.unsplash.com/photo-1710848725219-c621ef0055f2?q=80&w=1000&auto=format&fit=crop&ixlib=rb-4.0.3&ixid=M3wxMjA3fDB8MHxwaG90by1wYWdlfHx8fGVufDB8fHx8fA%3D%3D,
Film,A tall bridge with a sky in the background photo,photo-1695498700933-e13bb272e481.avif,https://images.unsplash.com/photo-1695498700933-e13bb272e481?q=80&w=1000&auto=format&fit=crop&ixlib=rb-4.0.3&ixid=M3wxMjA3fDB8MHxwaG90by1wYWdlfHx8fGVufDB8fHx8fA%3D%3D,
Film,A woman sitting on a train looking at her phone photo,photo-1695498700800-725e37e06db5.avif,https://images.unsplash.com/photo-1695498700800-725e37e06db5?q=80&w=1000&auto=format&fit=crop&ixlib=rb-4.0.3&ixid=M3wxMjA3fDB8MHxwaG90by1wYWdlfHx8fGVufDB8fHx8fA%3D%3D,
Film,A brick building with a black front door photo,photo-1695498700739-d34e989038e9.avif,https://images.unsplash.com/photo-1695498700739-d34e989038e9?q=80&w=1000&auto=format&fit=crop&ixlib=rb-4.0.3&ixid=M3wxMjA3fDB8MHxwaG90by1wYWdlfHx8fGVufDB8fHx8fA%3D%3D,
Film,A view of a body of water with mountains in the background photo,photo-1691055712341-7feb54e32cb0.avif,https://images.unsplash.com/photo-1691055712341-7feb54e32cb0?q=80&w=1000&auto=format&fit=crop&ixlib=rb-4.0.3&ixid=M3wxMjA3fDB8MHxwaG90by1wYWdlfHx8fGVufDB8fHx8fA%3D%3D,
Film,A group of people standing on top of a rocky beach photo,photo-1710913957125-25f8340768eb.avif,https://images.unsplash.com/photo-1710913957125-25f8340768eb?q=80&w=1000&auto=format&fit=crop&ixlib=rb-4.0.3&ixid=M3wxMjA3fDB8MHxwaG90by1wYWdlfHx8fGVufDB8fHx8fA%3D%3D,
Archival,A black and white photo of a train traveling through a destroyed city photo,photo-1684260757354-42158fc0ffc2.avif,https://images.unsplash.com/photo-1684260757354-42158fc0ffc2?q=80&w=1000&auto=format&fit=crop&ixlib=rb-4.0.3&ixid=M3wxMjA3fDB8MHxwaG90by1wYWdlfHx8fGVufDB8fHx8fA%3D%3D,
Archival,A painting of white flowers in a vase photo,photo-1685012851120-201c8cbaf77b.avif,https://images.unsplash.com/photo-1685012851120-201c8cbaf77b?q=80&w=1000&auto=format&fit=crop&ixlib=rb-4.0.3&ixid=M3wxMjA3fDB8MHxwaG90by1wYWdlfHx8fGVufDB8fHx8fA%3D%3D,
Archival,An old photo of a native american man photo,photo-1634055088805-707ab6f0714f.avif,https://images.unsplash.com/photo-1634055088805-707ab6f0714f?q=80&w=1000&auto=format&fit=crop&ixlib=rb-4.0.3&ixid=M3wxMjA3fDB8MHxwaG90by1wYWdlfHx8fGVufDB8fHx8fA%3D%3D,
Archival,A painting of a woman holding an umbrella photo,photo-1708765471452-2da0d95050bf.avif,https://images.unsplash.com/photo-1708765471452-2da0d95050bf?q=80&w=1000&auto=format&fit=crop&ixlib=rb-4.0.3&ixid=M3wxMjA3fDB8MHxwaG90by1wYWdlfHx8fGVufDB8fHx8fA%3D%3D,
Archival,New York. A Harlem scene Names Parks. photo,photo-1698342173518-480ff44fe486.avif,https://images.unsplash.com/photo-1698342173518-480ff44fe486?q=80&w=1000&auto=format&fit=crop&ixlib=rb-4.0.3&ixid=M3wxMjA3fDB8MHxwaG90by1wYWdlfHx8fGVufDB8fHx8fA%3D%3D,
Archival,A cross decorated with flowers and leaves photo,photo-1710069455025-f294936edb43.avif,https://images.unsplash.com/photo-1710069455025-f294936edb43?q=80&w=1000&auto=format&fit=crop&ixlib=rb-4.0.3&ixid=M3wxMjA3fDB8MHxwaG90by1wYWdlfHx8fGVufDB8fHx8fA%3D%3D,
Archival,Boy holding US flag photo,photo-1572972520778-fb990b9d5279.avif,https://images.unsplash.com/photo-1572972520778-fb990b9d5279?q=80&w=1000&auto=format&fit=crop&ixlib=rb-4.0.3&ixid=M3wxMjA3fDB8MHxwaG90by1wYWdlfHx8fGVufDB8fHx8fA%3D%3D,
Archival,A close up of a coral on a black background photo,photo-1631630176127-6760429b4f6a.avif,https://images.unsplash.com/photo-1631630176127-6760429b4f6a?q=80&w=1000&auto=format&fit=crop&ixlib=rb-4.0.3&ixid=M3wxMjA3fDB8MHxwaG90by1wYWdlfHx8fGVufDB8fHx8fA%3D%3D,
Archival,A painting of a woman in a kimono photo,photo-1687988999982-7bd925b9bdc5.avif,https://images.unsplash.com/photo-1687988999982-7bd925b9bdc5?q=80&w=1000&auto=format&fit=crop&ixlib=rb-4.0.3&ixid=M3wxMjA3fDB8MHxwaG90by1wYWdlfHx8fGVufDB8fHx8fA%3D%3D,
Sports,An aerial view of a soccer stadium with a green field photo,photo-1709495034740-f6e6c22f1d1f.avif,https://images.unsplash.com/photo-1709495034740-f6e6c22f1d1f?q=80&w=1000&auto=format&fit=crop&ixlib=rb-4.0.3&ixid=M3wxMjA3fDB8MHxwaG90by1wYWdlfHx8fGVufDB8fHx8fA%3D%3D,
Sports,A football stadium filled with lots of people photo,photo-1709389883498-1f0c14c13957.avif,https://images.unsplash.com/photo-1709389883498-1f0c14c13957?q=80&w=1000&auto=format&fit=crop&ixlib=rb-4.0.3&ixid=M3wxMjA3fDB8MHxwaG90by1wYWdlfHx8fGVufDB8fHx8fA%3D%3D,
Sports,A man flying through the air while riding a bike photo,photo-1708646776491-84d50f84b867.avif,https://images.unsplash.com/photo-1708646776491-84d50f84b867?q=80&w=1000&auto=format&fit=crop&ixlib=rb-4.0.3&ixid=M3wxMjA3fDB8MHxwaG90by1wYWdlfHx8fGVufDB8fHx8fA%3D%3D,
Sports,A racing car driving on a race track photo,photo-1707341044924-6ff3702053c4.avif,https://images.unsplash.com/photo-1707341044924-6ff3702053c4?q=80&w=1000&auto=format&fit=crop&ixlib=rb-4.0.3&ixid=M3wxMjA3fDB8MHxwaG90by1wYWdlfHx8fGVufDB8fHx8fA%3D%3D,
Sports,An orange race car driving down a race track photo,photo-1697271377981-3fc45800f723.avif,https://images.unsplash.com/photo-1697271377981-3fc45800f723?q=80&w=1000&auto=format&fit=crop&ixlib=rb-4.0.3&ixid=M3wxMjA3fDB8MHxwaG90by1wYWdlfHx8fGVufDB8fHx8fA%3D%3D,
Sports,A person riding skis down a snow covered slope photo,photo-1709442847291-b55af156130d.avif,https://images.unsplash.com/photo-1709442847291-b55af156130d?q=80&w=1000&auto=format&fit=crop&ixlib=rb-4.0.3&ixid=M3wxMjA3fDB8MHxwaG90by1wYWdlfHx8fGVufDB8fHx8fA%3D%3D,
Sports,People sitting on stadium during daytime photo,photo-1609264076154-3231eb5655a0.avif,https://images.unsplash.com/photo-1609264076154-3231eb5655a0?q=80&w=1000&auto=format&fit=crop&ixlib=rb-4.0.3&ixid=M3wxMjA3fDB8MHxwaG90by1wYWdlfHx8fGVufDB8fHx8fA%3D%3D,
Sports,A young boy running to first base during a baseball game photo,photo-1710118098563-375f84503f11.avif,https://images.unsplash.com/photo-1710118098563-375f84503f11?q=80&w=1000&auto=format&fit=crop&ixlib=rb-4.0.3&ixid=M3wxMjA3fDB8MHxwaG90by1wYWdlfHx8fGVufDB8fHx8fA%3D%3D,
Sports,A group of people hiking up a mountain photo,photo-1699959560616-aa17ace76879.avif,https://images.unsplash.com/photo-1699959560616-aa17ace76879?q=80&w=1000&auto=format&fit=crop&ixlib=rb-4.0.3&ixid=M3wxMjA3fDB8MHxwaG90by1wYWdlfHx8fGVufDB8fHx8fA%3D%3D,
3D Renders,A black and white photo of a wall photo,photo-1641912076734-626a72927483.avif,https://images.unsplash.com/photo-1641912076734-626a72927483?q=80&w=1000&auto=format&fit=crop&ixlib=rb-4.0.3&ixid=M3wxMjA3fDB8MHxwaG90by1wYWdlfHx8fGVufDB8fHx8fA%3D%3D,
Architecture & Interiors,A black and white photo of a metal wall photo,photo-1710753984842-97d60b50f5bb.avif,https://images.unsplash.com/photo-1710753984842-97d60b50f5bb?q=80&w=1000&auto=format&fit=crop&ixlib=rb-4.0.3&ixid=M3wxMjA3fDB8MHxwaG90by1wYWdlfHx8fGVufDB8fHx8fA%3D%3D,
Textures & Patterns,A blurry photo of a tree with no leaves photo,photo-1555787040-102294ad01d7.avif,https://images.unsplash.com/photo-1555787040-102294ad01d7?q=80&w=1000&auto=format&fit=crop&ixlib=rb-4.0.3&ixid=M3wxMjA3fDB8MHxwaG90by1wYWdlfHx8fGVufDB8fHx8fA%3D%3D,
Nature,The moon is seen through the clouds during a partial eclipse photo,photo-1710576822535-57e355f026bb.avif,https://images.unsplash.com/photo-1710576822535-57e355f026bb?q=80&w=1000&auto=format&fit=crop&ixlib=rb-4.0.3&ixid=M3wxMjA3fDB8MHxwaG90by1wYWdlfHx8fGVufDB8fHx8fA%3D%3D,
Street Photography,A large pile of stuffed animals sitting on the side of a street photo,photo-1710781414244-602e68edce9f.avif,https://images.unsplash.com/photo-1710781414244-602e68edce9f?q=80&w=1000&auto=format&fit=crop&ixlib=rb-4.0.3&ixid=M3wxMjA3fDB8MHxwaG90by1wYWdlfHx8fGVufDB8fHx8fA%3D%3D,
Travel,A wooden bench sitting on top of a lush green field photo,photo-1710677742151-2b69b2538dca.avif,https://images.unsplash.com/photo-1710677742151-2b69b2538dca?q=80&w=1000&auto=format&fit=crop&ixlib=rb-4.0.3&ixid=M3wxMjA3fDB8MHxwaG90by1wYWdlfHx8fGVufDB8fHx8fA%3D%3D,
Film,A person walking down a narrow alley way photo,photo-1710580126933-17ae474c7ffa.avif,https://images.unsplash.com/photo-1710580126933-17ae474c7ffa?q=80&w=1000&auto=format&fit=crop&ixlib=rb-4.0.3&ixid=M3wxMjA3fDB8MHxwaG90by1wYWdlfHx8fGVufDB8fHx8fA%3D%3D,
Sports,A skateboard with wheels on a black background photo,photo-1709240987503-6e31155c88ab.avif,https://images.unsplash.com/photo-1709240987503-6e31155c88ab?q=80&w=1000&auto=format&fit=crop&ixlib=rb-4.0.3&ixid=M3wxMjA3fDB8MHxwaG90by1wYWdlfHx8fGVufDB8fHx8fA%3D%3D,
Current Events,A fire blazing in the sky over a forest photo,photo-1648464676756-1ca51d0c4688.avif,https://images.unsplash.com/photo-1648464676756-1ca51d0c4688?q=80&w=1000&auto=format&fit=crop&ixlib=rb-4.0.3&ixid=M3wxMjA3fDB8MHxwaG90by1wYWdlfHx8fGVufDB8fHx8fA%3D%3D,
Archival,A spiral galaxy with stars in the background photo,photo-1710676827643-67150c0c0026.avif,https://images.unsplash.com/photo-1710676827643-67150c0c0026?q=80&w=1000&auto=format&fit=crop&ixlib=rb-4.0.3&ixid=M3wxMjA3fDB8MHxwaG90by1wYWdlfHx8fGVufDB8fHx8fA%3D%3D,
Current Events,A plane flying through a cloud of smoke photo,photo-1648464680431-ac400e806714.avif,https://images.unsplash.com/photo-1648464680431-ac400e806714?q=80&w=1000&auto=format&fit=crop&ixlib=rb-4.0.3&ixid=M3wxMjA3fDB8MHxwaG90by1wYWdlfHx8fGVufDB8fHx8fA%3D%3D,
Current Events,A man sitting on a bike in front of an ambulance photo,photo-1708811409094-3b2492605547.avif,https://images.unsplash.com/photo-1708811409094-3b2492605547?q=80&w=1000&auto=format&fit=crop&ixlib=rb-4.0.3&ixid=M3wxMjA3fDB8MHxwaG90by1wYWdlfHx8fGVufDB8fHx8fA%3D%3D,
Current Events,A group of people standing around a pile of flowers photo,photo-1709745516738-1df9da56918e.avif,https://images.unsplash.com/photo-1709745516738-1df9da56918e?q=80&w=1000&auto=format&fit=crop&ixlib=rb-4.0.3&ixid=M3wxMjA3fDB8MHxwaG90by1wYWdlfHx8fGVufDB8fHx8fA%3D%3D,
Current Events,A car that is sitting in the middle of a rubble photo,photo-1710022115644-fcc15bede6a6.avif,https://images.unsplash.com/photo-1710022115644-fcc15bede6a6?q=80&w=1000&auto=format&fit=crop&ixlib=rb-4.0.3&ixid=M3wxMjA3fDB8MHxwaG90by1wYWdlfHx8fGVufDB8fHx8fA%3D%3D,
Current Events,A large building that has been torn down photo,photo-1710022115470-9a6c05ce5a28.avif,https://images.unsplash.com/photo-1710022115470-9a6c05ce5a28?q=80&w=1000&auto=format&fit=crop&ixlib=rb-4.0.3&ixid=M3wxMjA3fDB8MHxwaG90by1wYWdlfHx8fGVufDB8fHx8fA%3D%3D,
Current Events,A crowd of people holding canadian and canadian flags photo,photo-1710127789920-1c0629855c1f.avif,https://images.unsplash.com/photo-1710127789920-1c0629855c1f?q=80&w=1000&auto=format&fit=crop&ixlib=rb-4.0.3&ixid=M3wxMjA3fDB8MHxwaG90by1wYWdlfHx8fGVufDB8fHx8fA%3D%3D,
Current Events,A group of people standing next to each other photo,photo-1710127790073-41585bcba6fc.avif,https://images.unsplash.com/photo-1710127790073-41585bcba6fc?q=80&w=1000&auto=format&fit=crop&ixlib=rb-4.0.3&ixid=M3wxMjA3fDB8MHxwaG90by1wYWdlfHx8fGVufDB8fHx8fA%3D%3D,
Current Events,A person walking across a cross walk in a city photo,photo-1710127790040-db15b945a7b9.avif,https://images.unsplash.com/photo-1710127790040-db15b945a7b9?q=80&w=1000&auto=format&fit=crop&ixlib=rb-4.0.3&ixid=M3wxMjA3fDB8MHxwaG90by1wYWdlfHx8fGVufDB8fHx8fA%3D%3D,
Spirituality,A bunch of white flowers that are blooming photo,photo-1707665792493-0ff61440a571.avif,https://images.unsplash.com/photo-1707665792493-0ff61440a571?q=80&w=1000&auto=format&fit=crop&ixlib=rb-4.0.3&ixid=M3wxMjA3fDB8MHxwaG90by1wYWdlfHx8fGVufDB8fHx8fA%3D%3D,
Spirituality,A small red house on a grassy hill next to a body of water photo,photo-1710179337706-f5e304f7740a.avif,https://images.unsplash.com/photo-1710179337706-f5e304f7740a?q=80&w=1000&auto=format&fit=crop&ixlib=rb-4.0.3&ixid=M3wxMjA3fDB8MHxwaG90by1wYWdlfHx8fGVufDB8fHx8fA%3D%3D,
Spirituality,A person standing on top of a mountain at sunset photo,photo-1694188091388-e4a8dac37e3e.avif,https://images.unsplash.com/photo-1694188091388-e4a8dac37e3e?q=80&w=1000&auto=format&fit=crop&ixlib=rb-4.0.3&ixid=M3wxMjA3fDB8MHxwaG90by1wYWdlfHx8fGVufDB8fHx8fA%3D%3D,
Spirituality,A bike is parked in an archway of a building photo,photo-1710600633783-061de4f000ae.avif,https://images.unsplash.com/photo-1710600633783-061de4f000ae?q=80&w=1000&auto=format&fit=crop&ixlib=rb-4.0.3&ixid=M3wxMjA3fDB8MHxwaG90by1wYWdlfHx8fGVufDB8fHx8fA%3D%3D,
Spirituality,A woman standing in front of a full moon photo,photo-1661174585122-83a2909163ad.avif,https://images.unsplash.com/photo-1661174585122-83a2909163ad?q=80&w=1000&auto=format&fit=crop&ixlib=rb-4.0.3&ixid=M3wxMjA3fDB8MHxwaG90by1wYWdlfHx8fGVufDB8fHx8fA%3D%3D,
Current Events,A man dressed in armor standing in tall grass photo,photo-1708165725218-3a37c2165755.avif,https://images.unsplash.com/photo-1708165725218-3a37c2165755?q=80&w=1000&auto=format&fit=crop&ixlib=rb-4.0.3&ixid=M3wxMjA3fDB8MHxwaG90by1wYWdlfHx8fGVufDB8fHx8fA%3D%3D,
Spirituality,Person covering face with hands outdoors photo,photo-1437915160026-6c59da36ede2.avif,https://images.unsplash.com/photo-1437915160026-6c59da36ede2?q=80&w=1000&auto=format&fit=crop&ixlib=rb-4.0.3&ixid=M3wxMjA3fDB8MHxwaG90by1wYWdlfHx8fGVufDB8fHx8fA%3D%3D,
Spirituality,A man standing on top of a snow covered cliff next to the ocean photo,photo-1710415273421-4d19cc02b839.avif,https://images.unsplash.com/photo-1710415273421-4d19cc02b839?q=80&w=1000&auto=format&fit=crop&ixlib=rb-4.0.3&ixid=M3wxMjA3fDB8MHxwaG90by1wYWdlfHx8fGVufDB8fHx8fA%3D%3D,
People,A man holding a corn cob in his hand photo,photo-1710488140472-250b74428602.avif,https://images.unsplash.com/photo-1710488140472-250b74428602?q=80&w=1000&auto=format&fit=crop&ixlib=rb-4.0.3&ixid=M3wxMjA3fDB8MHxwaG90by1wYWdlfHx8fGVufDB8fHx8fA%3D%3D,
People,A group of people standing on top of a sandy beach photo,photo-1710488140904-5038cea72066.avif,https://images.unsplash.com/photo-1710488140904-5038cea72066?q=80&w=1000&auto=format&fit=crop&ixlib=rb-4.0.3&ixid=M3wxMjA3fDB8MHxwaG90by1wYWdlfHx8fGVufDB8fHx8fA%3D%3D,
People,A man standing on a beach next to the ocean photo,photo-1710488140847-c076d4e80cc8.avif,https://images.unsplash.com/photo-1710488140847-c076d4e80cc8?q=80&w=1000&auto=format&fit=crop&ixlib=rb-4.0.3&ixid=M3wxMjA3fDB8MHxwaG90by1wYWdlfHx8fGVufDB8fHx8fA%3D%3D,
People,A woman holding a bouquet of white tulips photo,photo-1710268503377-7fe212765db8.avif,https://images.unsplash.com/photo-1710268503377-7fe212765db8?q=80&w=1000&auto=format&fit=crop&ixlib=rb-4.0.3&ixid=M3wxMjA3fDB8MHxwaG90by1wYWdlfHx8fGVufDB8fHx8fA%3D%3D,
People,Woman lying on black hammock while holding phone photo,photo-1495556281896-46ef1eed55f6.avif,https://images.unsplash.com/photo-1495556281896-46ef1eed55f6?q=80&w=1000&auto=format&fit=crop&ixlib=rb-4.0.3&ixid=M3wxMjA3fDB8MHxwaG90by1wYWdlfHx8fGVufDB8fHx8fA%3D%3D,
People,Woman in red jacket sitting on green grass field during daytime photo,photo-1625395694544-079d163b769b.avif,https://images.unsplash.com/photo-1625395694544-079d163b769b?q=80&w=1000&auto=format&fit=crop&ixlib=rb-4.0.3&ixid=M3wxMjA3fDB8MHxwaG90by1wYWdlfHx8fGVufDB8fHx8fA%3D%3D,
People,Man in white crew neck t-shirt sitting beside woman in white crew neck t-shirt photo,photo-1581952976147-5a2d15560349.avif,https://images.unsplash.com/photo-1581952976147-5a2d15560349?q=80&w=1000&auto=format&fit=crop&ixlib=rb-4.0.3&ixid=M3wxMjA3fDB8MHxwaG90by1wYWdlfHx8fGVufDB8fHx8fA%3D%3D,
People,Woman in white tank top sitting on chair photo,photo-1597066906248-c8d6606c6d70.avif,https://images.unsplash.com/photo-1597066906248-c8d6606c6d70?q=80&w=1000&auto=format&fit=crop&ixlib=rb-4.0.3&ixid=M3wxMjA3fDB8MHxwaG90by1wYWdlfHx8fGVufDB8fHx8fA%3D%3D,
Food & Drink,A bunch of breads that are on a rack photo,premium_photo-1677686707529-d68d2b8e8b74.avif,https://plus.unsplash.com/premium_photo-1677686707529-d68d2b8e8b74?q=80&w=1000&auto=format&fit=crop&ixlib=rb-4.0.3&ixid=M3wxMjA3fDB8MHxwaG90by1wYWdlfHx8fGVufDB8fHx8fA%3D%3D,
Food & Drink,Brown and white stripe cupcake photo,photo-1617536524324-d6bc275d6db2.avif,https://images.unsplash.com/photo-1617536524324-d6bc275d6db2?q=80&w=1000&auto=format&fit=crop&ixlib=rb-4.0.3&ixid=M3wxMjA3fDB8MHxwaG90by1wYWdlfHx8fGVufDB8fHx8fA%3D%3D,
Food & Drink,Foods on plates photo,photo-1564305564045-c62d40dd0123.avif,https://images.unsplash.com/photo-1564305564045-c62d40dd0123?q=80&w=1000&auto=format&fit=crop&ixlib=rb-4.0.3&ixid=M3wxMjA3fDB8MHxwaG90by1wYWdlfHx8fGVufDB8fHx8fA%3D%3D,
Food & Drink,Brown bread on white textile photo,photo-1580959422798-c487f21d1a08.avif,https://images.unsplash.com/photo-1580959422798-c487f21d1a08?q=80&w=1000&auto=format&fit=crop&ixlib=rb-4.0.3&ixid=M3wxMjA3fDB8MHxwaG90by1wYWdlfHx8fGVufDB8fHx8fA%3D%3D,
Food & Drink,Burgers photo,photo-1565299507177-b0ac66763828.avif,https://images.unsplash.com/photo-1565299507177-b0ac66763828?q=80&w=1000&auto=format&fit=crop&ixlib=rb-4.0.3&ixid=M3wxMjA3fDB8MHxwaG90by1wYWdlfHx8fGVufDB8fHx8fA%3D%3D,
Food & Drink,A person holding a plate of food on a table photo,photo-1708857192129-57a7f73ea494.avif,https://images.unsplash.com/photo-1708857192129-57a7f73ea494?q=80&w=1000&auto=format&fit=crop&ixlib=rb-4.0.3&ixid=M3wxMjA3fDB8MHxwaG90by1wYWdlfHx8fGVufDB8fHx8fA%3D%3D,
Food & Drink,A bag of coffee sitting on top of a pile of coffee beans photo,photo-1708961352625-82e59dd0c0af.avif,https://images.unsplash.com/photo-1708961352625-82e59dd0c0af?q=80&w=1000&auto=format&fit=crop&ixlib=rb-4.0.3&ixid=M3wxMjA3fDB8MHxwaG90by1wYWdlfHx8fGVufDB8fHx8fA%3D%3D,
Food & Drink,A person holding a drink in their hand photo,photo-1708961352581-bdd1f02da6ed.avif,https://images.unsplash.com/photo-1708961352581-bdd1f02da6ed?q=80&w=1000&auto=format&fit=crop&ixlib=rb-4.0.3&ixid=M3wxMjA3fDB8MHxwaG90by1wYWdlfHx8fGVufDB8fHx8fA%3D%3D,
Food & Drink,A pink drink with a mint garnish on the rim photo,photo-1633933329823-0c2677e2d8c6.avif,https://images.unsplash.com/photo-1633933329823-0c2677e2d8c6?q=80&w=1000&auto=format&fit=crop&ixlib=rb-4.0.3&ixid=M3wxMjA3fDB8MHxwaG90by1wYWdlfHx8fGVufDB8fHx8fA%3D%3D,
Business & Work,A couple of men sitting at a table with food photo,premium_photo-1709865803539-69809922ac45.avif,https://plus.unsplash.com/premium_photo-1709865803539-69809922ac45?q=80&w=1000&auto=format&fit=crop&ixlib=rb-4.0.3&ixid=M3wxMjA3fDB8MHxwaG90by1wYWdlfHx8fGVufDB8fHx8fA%3D%3D,
Business & Work,A woman sitting in a chair with a piece of paper on her face photo,premium_photo-1705091981580-61fde359c314.avif,https://plus.unsplash.com/premium_photo-1705091981580-61fde359c314?q=80&w=1000&auto=format&fit=crop&ixlib=rb-4.0.3&ixid=M3wxMjA3fDB8MHxwaG90by1wYWdlfHx8fGVufDB8fHx8fA%3D%3D,
Business & Work,A man in a suit is talking on a telephone photo,premium_photo-1705091981768-395477319651.avif,https://plus.unsplash.com/premium_photo-1705091981768-395477319651?q=80&w=1000&auto=format&fit=crop&ixlib=rb-4.0.3&ixid=M3wxMjA3fDB8MHxwaG90by1wYWdlfHx8fGVufDB8fHx8fA%3D%3D,
Business & Work,A couple of people sitting at a table with a cup of coffee photo,photo-1710362921917-2e33bb342a23.avif,https://images.unsplash.com/photo-1710362921917-2e33bb342a23?q=80&w=1000&auto=format&fit=crop&ixlib=rb-4.0.3&ixid=M3wxMjA3fDB8MHxwaG90by1wYWdlfHx8fGVufDB8fHx8fA%3D%3D,
Business & Work,A man getting his hair cut in a salon photo,photo-1710367847973-152d445b23a6.avif,https://images.unsplash.com/photo-1710367847973-152d445b23a6?q=80&w=1000&auto=format&fit=crop&ixlib=rb-4.0.3&ixid=M3wxMjA3fDB8MHxwaG90by1wYWdlfHx8fGVufDB8fHx8fA%3D%3D,
Business & Work,A laptop computer sitting on top of a counter photo,photo-1710367847938-c92cf56a7a9b.avif,https://images.unsplash.com/photo-1710367847938-c92cf56a7a9b?q=80&w=1000&auto=format&fit=crop&ixlib=rb-4.0.3&ixid=M3wxMjA3fDB8MHxwaG90by1wYWdlfHx8fGVufDB8fHx8fA%3D%3D,
Business & Work,A man with a long red beard wearing a virtual reality headset photo,premium_photo-1710294627170-e063a544a7e6.avif,https://plus.unsplash.com/premium_photo-1710294627170-e063a544a7e6?q=80&w=1000&auto=format&fit=crop&ixlib=rb-4.0.3&ixid=M3wxMjA3fDB8MHxwaG90by1wYWdlfHx8fGVufDB8fHx8fA%3D%3D,
Business & Work,Two people sitting on bean bags in a room photo,premium_photo-1672292536581-7dcf42f5fdf6.avif,https://plus.unsplash.com/premium_photo-1672292536581-7dcf42f5fdf6?q=80&w=1000&auto=format&fit=crop&ixlib=rb-4.0.3&ixid=M3wxMjA3fDB8MHxwaG90by1wYWdlfHx8fGVufDB8fHx8fA%3D%3D,
Health & Wellness,"Portrait of woman indoors at home doing yoga, on sofa, mental health and meditation concept. photo",premium_photo-1663090894347-35d4ecc2c622.avif,https://plus.unsplash.com/premium_photo-1663090894347-35d4ecc2c622?q=80&w=1000&auto=format&fit=crop&ixlib=rb-4.0.3&ixid=M3wxMjA3fDB8MHxwaG90by1wYWdlfHx8fGVufDB8fHx8fA%3D%3D,
Health & Wellness,I am a good man i am a good man i am a good man i photo,photo-1620389701363-b1d7a601e0c9.avif,https://images.unsplash.com/photo-1620389701363-b1d7a601e0c9?q=80&w=1000&auto=format&fit=crop&ixlib=rb-4.0.3&ixid=M3wxMjA3fDB8MHxwaG90by1wYWdlfHx8fGVufDB8fHx8fA%3D%3D,
Health & Wellness,A woman sitting on a couch talking to another woman photo,premium_photo-1672292536425-ffd1070fd21c.avif,https://plus.unsplash.com/premium_photo-1672292536425-ffd1070fd21c?q=80&w=1000&auto=format&fit=crop&ixlib=rb-4.0.3&ixid=M3wxMjA3fDB8MHxwaG90by1wYWdlfHx8fGVufDB8fHx8fA%3D%3D,
Health & Wellness,Happy birthday to you greeting card photo,photo-1631237631392-30f4f13cf509.avif,https://images.unsplash.com/photo-1631237631392-30f4f13cf509?q=80&w=1000&auto=format&fit=crop&ixlib=rb-4.0.3&ixid=M3wxMjA3fDB8MHxwaG90by1wYWdlfHx8fGVufDB8fHx8fA%3D%3D,
Health & Wellness,A beach with waves coming in and out of the water photo,photo-1710127789813-9ce9215caff4.avif,https://images.unsplash.com/photo-1710127789813-9ce9215caff4?q=80&w=1000&auto=format&fit=crop&ixlib=rb-4.0.3&ixid=M3wxMjA3fDB8MHxwaG90by1wYWdlfHx8fGVufDB8fHx8fA%3D%3D,
Health & Wellness,A close up of a tree branch with the sun in the background photo,photo-1697162734668-fbda07f24b84.avif,https://images.unsplash.com/photo-1697162734668-fbda07f24b84?q=80&w=1000&auto=format&fit=crop&ixlib=rb-4.0.3&ixid=M3wxMjA3fDB8MHxwaG90by1wYWdlfHx8fGVufDB8fHx8fA%3D%3D,
Health & Wellness,A beach with a wave coming in to shore photo,photo-1674596346204-7579df18b7e9.avif,https://images.unsplash.com/photo-1674596346204-7579df18b7e9?q=80&w=1000&auto=format&fit=crop&ixlib=rb-4.0.3&ixid=M3wxMjA3fDB8MHxwaG90by1wYWdlfHx8fGVufDB8fHx8fA%3D%3D,
Health & Wellness,A white and yellow flower sitting in the middle of a forest photo,photo-1691028395204-06bc086ba5c8.avif,https://images.unsplash.com/photo-1691028395204-06bc086ba5c8?q=80&w=1000&auto=format&fit=crop&ixlib=rb-4.0.3&ixid=M3wxMjA3fDB8MHxwaG90by1wYWdlfHx8fGVufDB8fHx8fA%3D%3D,
Health & Wellness,A woman standing in a field of yellow flowers photo,photo-1682928675206-8dceadf2b507.avif,https://images.unsplash.com/photo-1682928675206-8dceadf2b507?q=80&w=1000&auto=format&fit=crop&ixlib=rb-4.0.3&ixid=M3wxMjA3fDB8MHxwaG90by1wYWdlfHx8fGVufDB8fHx8fA%3D%3D,
Experimental,Three trees in a field under a cloudy sky photo,photo-1710317751989-d2ab39cdabf4.avif,https://images.unsplash.com/photo-1710317751989-d2ab39cdabf4?q=80&w=1000&auto=format&fit=crop&ixlib=rb-4.0.3&ixid=M3wxMjA3fDB8MHxwaG90by1wYWdlfHx8fGVufDB8fHx8fA%3D%3D,
Experimental,A painting of a blue tree on a hill photo,photo-1710317788337-134c59961a61.avif,https://images.unsplash.com/photo-1710317788337-134c59961a61?q=80&w=1000&auto=format&fit=crop&ixlib=rb-4.0.3&ixid=M3wxMjA3fDB8MHxwaG90by1wYWdlfHx8fGVufDB8fHx8fA%3D%3D,
Experimental,A close up of a flower with a blurry background photo,photo-1710709491212-16d2f006e869.avif,https://images.unsplash.com/photo-1710709491212-16d2f006e869?q=80&w=1000&auto=format&fit=crop&ixlib=rb-4.0.3&ixid=M3wxMjA3fDB8MHxwaG90by1wYWdlfHx8fGVufDB8fHx8fA%3D%3D,
Experimental,A lone tree in a purple field under a red sky photo,photo-1710317764614-554b3513e486.avif,https://images.unsplash.com/photo-1710317764614-554b3513e486?q=80&w=1000&auto=format&fit=crop&ixlib=rb-4.0.3&ixid=M3wxMjA3fDB8MHxwaG90by1wYWdlfHx8fGVufDB8fHx8fA%3D%3D,
Experimental,A dirt road surrounded by yellow trees under a blue sky photo,photo-1710274111087-629b9ca06f0b.avif,https://images.unsplash.com/photo-1710274111087-629b9ca06f0b?q=80&w=1000&auto=format&fit=crop&ixlib=rb-4.0.3&ixid=M3wxMjA3fDB8MHxwaG90by1wYWdlfHx8fGVufDB8fHx8fA%3D%3D,
Experimental,A person sitting in a chair in front of a window photo,photo-1710349749007-749f8e066d2b.avif,https://images.unsplash.com/photo-1710349749007-749f8e066d2b?q=80&w=1000&auto=format&fit=crop&ixlib=rb-4.0.3&ixid=M3wxMjA3fDB8MHxwaG90by1wYWdlfHx8fGVufDB8fHx8fA%3D%3D,
Experimental,A blurry photo of a woman's face photo,premium_photo-1710288964033-425341f80431.avif,https://plus.unsplash.com/premium_photo-1710288964033-425341f80431?q=80&w=1000&auto=format&fit=crop&ixlib=rb-4.0.3&ixid=M3wxMjA3fDB8MHxwaG90by1wYWdlfHx8fGVufDB8fHx8fA%3D%3D,
Experimental,A yellow background with a sculpture of a rock and flowers photo,premium_photo-1694412516038-95eedd018fd7.avif,https://plus.unsplash.com/premium_photo-1694412516038-95eedd018fd7?q=80&w=1000&auto=format&fit=crop&ixlib=rb-4.0.3&ixid=M3wxMjA3fDB8MHxwaG90by1wYWdlfHx8fGVufDB8fHx8fA%3D%3D,
People,A woman with a straw hat holding a stick photo,photo-1710563160039-82f7c29ed468.avif,https://images.unsplash.com/photo-1710563160039-82f7c29ed468?q=80&w=1000&auto=format&fit=crop&ixlib=rb-4.0.3&ixid=M3wxMjA3fDB8MHxwaG90by1wYWdlfHx8fGVufDB8fHx8fA%3D%3D,
Food & Drink,A chicken sandwich sitting on top of a wooden cutting board photo,photo-1696935302123-372d54ab941e.avif,https://images.unsplash.com/photo-1696935302123-372d54ab941e?q=80&w=1000&auto=format&fit=crop&ixlib=rb-4.0.3&ixid=M3wxMjA3fDB8MHxwaG90by1wYWdlfHx8fGVufDB8fHx8fA%3D%3D,
Business & Work,A computer desk with two monitors and a laptop photo,photo-1685515967639-3bbd7853fbe7.avif,https://images.unsplash.com/photo-1685515967639-3bbd7853fbe7?q=80&w=1000&auto=format&fit=crop&ixlib=rb-4.0.3&ixid=M3wxMjA3fDB8MHxwaG90by1wYWdlfHx8fGVufDB8fHx8fA%3D%3D,
Health & Wellness,Yellow smiley emoji on gray textile photo,photo-1579600161224-cac5a2971069.avif,https://images.unsplash.com/photo-1579600161224-cac5a2971069?q=80&w=1000&auto=format&fit=crop&ixlib=rb-4.0.3&ixid=M3wxMjA3fDB8MHxwaG90by1wYWdlfHx8fGVufDB8fHx8fA%3D%3D,
Experimental,A row of yellow trees along a dirt road photo,photo-1710317896776-44a4d1ba98df.avif,https://images.unsplash.com/photo-1710317896776-44a4d1ba98df?q=80&w=1000&auto=format&fit=crop&ixlib=rb-4.0.3&ixid=M3wxMjA3fDB8MHxwaG90by1wYWdlfHx8fGVufDB8fHx8fA%3D%3D,
Animals,A brown horse standing next to a tree photo,photo-1710387415703-a638034cea21.avif,https://images.unsplash.com/photo-1710387415703-a638034cea21?q=80&w=1000&auto=format&fit=crop&ixlib=rb-4.0.3&ixid=M3wxMjA3fDB8MHxwaG90by1wYWdlfHx8fGVufDB8fHx8fA%3D%3D,
Animals,A fly sitting on top of a green leaf photo,photo-1710395840936-fb819869aeb0.avif,https://images.unsplash.com/photo-1710395840936-fb819869aeb0?q=80&w=1000&auto=format&fit=crop&ixlib=rb-4.0.3&ixid=M3wxMjA3fDB8MHxwaG90by1wYWdlfHx8fGVufDB8fHx8fA%3D%3D,
Animals,A squirrel eating a pine cone in a tree photo,photo-1710537505779-10fe5a126050.avif,https://images.unsplash.com/photo-1710537505779-10fe5a126050?q=80&w=1000&auto=format&fit=crop&ixlib=rb-4.0.3&ixid=M3wxMjA3fDB8MHxwaG90by1wYWdlfHx8fGVufDB8fHx8fA%3D%3D,
Animals,A close up of a lizard on a tree branch photo,photo-1710568992645-a6db103f7a7d.avif,https://images.unsplash.com/photo-1710568992645-a6db103f7a7d?q=80&w=1000&auto=format&fit=crop&ixlib=rb-4.0.3&ixid=M3wxMjA3fDB8MHxwaG90by1wYWdlfHx8fGVufDB8fHx8fA%3D%3D,
Animals,A couple of foxes cuddle together on the ground photo,photo-1710639046459-ccad44b7ccc8.avif,https://images.unsplash.com/photo-1710639046459-ccad44b7ccc8?q=80&w=1000&auto=format&fit=crop&ixlib=rb-4.0.3&ixid=M3wxMjA3fDB8MHxwaG90by1wYWdlfHx8fGVufDB8fHx8fA%3D%3D,
Animals,A bird perched on a branch of a pine tree photo,photo-1710648280537-81bcd8a32302.avif,https://images.unsplash.com/photo-1710648280537-81bcd8a32302?q=80&w=1000&auto=format&fit=crop&ixlib=rb-4.0.3&ixid=M3wxMjA3fDB8MHxwaG90by1wYWdlfHx8fGVufDB8fHx8fA%3D%3D,
Animals,A small rodent standing on a log in the woods photo,photo-1710647789381-b91940d5f6fb.avif,https://images.unsplash.com/photo-1710647789381-b91940d5f6fb?q=80&w=1000&auto=format&fit=crop&ixlib=rb-4.0.3&ixid=M3wxMjA3fDB8MHxwaG90by1wYWdlfHx8fGVufDB8fHx8fA%3D%3D,
Animals,A long haired cat sitting on top of a wooden fence photo,photo-1710750349223-f34f5d917b26.avif,https://images.unsplash.com/photo-1710750349223-f34f5d917b26?q=80&w=1000&auto=format&fit=crop&ixlib=rb-4.0.3&ixid=M3wxMjA3fDB8MHxwaG90by1wYWdlfHx8fGVufDB8fHx8fA%3D%3D,
Animals,A seagull is flying over a rocky outcropping photo,photo-1710775555029-b7dd98bdf04e.avif,https://images.unsplash.com/photo-1710775555029-b7dd98bdf04e?q=80&w=1000&auto=format&fit=crop&ixlib=rb-4.0.3&ixid=M3wxMjA3fDB8MHxwaG90by1wYWdlfHx8fGVufDB8fHx8fA%3D%3D,
Fashion & Beauty,A woman sitting on the steps of a building photo,photo-1635451321407-bb2886c788b7.avif,https://images.unsplash.com/photo-1635451321407-bb2886c788b7?q=80&w=1000&auto=format&fit=crop&ixlib=rb-4.0.3&ixid=M3wxMjA3fDB8MHxwaG90by1wYWdlfHx8fGVufDB8fHx8fA%3D%3D,
Fashion & Beauty,A woman standing in front of a mirror photo,premium_photo-1674718916972-2fea408c96c0.avif,https://plus.unsplash.com/premium_photo-1674718916972-2fea408c96c0?q=80&w=1000&auto=format&fit=crop&ixlib=rb-4.0.3&ixid=M3wxMjA3fDB8MHxwaG90by1wYWdlfHx8fGVufDB8fHx8fA%3D%3D,
Fashion & Beauty,A woman in a white dress sitting on a green chair photo,photo-1635073878554-1d35fa316c4f.avif,https://images.unsplash.com/photo-1635073878554-1d35fa316c4f?q=80&w=1000&auto=format&fit=crop&ixlib=rb-4.0.3&ixid=M3wxMjA3fDB8MHxwaG90by1wYWdlfHx8fGVufDB8fHx8fA%3D%3D,
Fashion & Beauty,A woman holding a bunch of flowers on her head photo,photo-1637386695240-958bc3871a54.avif,https://images.unsplash.com/photo-1637386695240-958bc3871a54?q=80&w=1000&auto=format&fit=crop&ixlib=rb-4.0.3&ixid=M3wxMjA3fDB8MHxwaG90by1wYWdlfHx8fGVufDB8fHx8fA%3D%3D,
Fashion & Beauty,A woman in a yellow top is holding her hands in her pockets photo,premium_photo-1671826911341-5d2da56de536.avif,https://plus.unsplash.com/premium_photo-1671826911341-5d2da56de536?q=80&w=1000&auto=format&fit=crop&ixlib=rb-4.0.3&ixid=M3wxMjA3fDB8MHxwaG90by1wYWdlfHx8fGVufDB8fHx8fA%3D%3D,
Fashion & Beauty,A woman standing in front of a blue and pink background photo,premium_photo-1694607587325-64be62c42f24.avif,https://plus.unsplash.com/premium_photo-1694607587325-64be62c42f24?q=80&w=1000&auto=format&fit=crop&ixlib=rb-4.0.3&ixid=M3wxMjA3fDB8MHxwaG90by1wYWdlfHx8fGVufDB8fHx8fA%3D%3D,
Fashion & Beauty,A woman sitting at a table with a cup of coffee photo,premium_photo-1705091981530-364352828985.avif,https://plus.unsplash.com/premium_photo-1705091981530-364352828985?q=80&w=1000&auto=format&fit=crop&ixlib=rb-4.0.3&ixid=M3wxMjA3fDB8MHxwaG90by1wYWdlfHx8fGVufDB8fHx8fA%3D%3D,
Fashion & Beauty,A table set with a place setting and flowers photo,photo-1710587385302-38ad6020c83d.avif,https://images.unsplash.com/photo-1710587385302-38ad6020c83d?q=80&w=1000&auto=format&fit=crop&ixlib=rb-4.0.3&ixid=M3wxMjA3fDB8MHxwaG90by1wYWdlfHx8fGVufDB8fHx8fA%3D%3D,
Fashion & Beauty,Woman in black coat and black and white checkered pants photo,photo-1604770559584-11e5e6155ebb.avif,https://images.unsplash.com/photo-1604770559584-11e5e6155ebb?q=80&w=1000&auto=format&fit=crop&ixlib=rb-4.0.3&ixid=M3wxMjA3fDB8MHxwaG90by1wYWdlfHx8fGVufDB8fHx8fA%3D%3D,
Animals,Red eye frog on top of purple petaled flower photo,photo-1502490148876-37cf15671d21.avif,https://images.unsplash.com/photo-1502490148876-37cf15671d21?q=80&w=1000&auto=format&fit=crop&ixlib=rb-4.0.3&ixid=M3wxMjA3fDB8MHxwaG90by1wYWdlfHx8fGVufDB8fHx8fA%3D%3D,
Fashion & Beauty,A woman sitting in the grass with her hands on her head photo,photo-1635451321384-191d3593a68f.avif,https://images.unsplash.com/photo-1635451321384-191d3593a68f?q=80&w=1000&auto=format&fit=crop&ixlib=rb-4.0.3&ixid=M3wxMjA3fDB8MHxwaG90by1wYWdlfHx8fGVufDB8fHx8fA%3D%3D,
Editorial,A black and white photo of a building photo,photo-1710556494470-be7f5eec183e.avif,https://images.unsplash.com/photo-1710556494470-be7f5eec183e?q=80&w=1000&auto=format&fit=crop&ixlib=rb-4.0.3&ixid=M3wxMjA3fDB8MHxwaG90by1wYWdlfHx8fGVufDB8fHx8fA%3D%3D,
Editorial,A shadow of a person holding a cell phone photo,photo-1710421871224-b5b3b935ba03.avif,https://images.unsplash.com/photo-1710421871224-b5b3b935ba03?q=80&w=1000&auto=format&fit=crop&ixlib=rb-4.0.3&ixid=M3wxMjA3fDB8MHxwaG90by1wYWdlfHx8fGVufDB8fHx8fA%3D%3D,
Editorial,A woman holding up a picture of two people photo,premium_photo-1709142526647-62c8c09207a5.avif,https://plus.unsplash.com/premium_photo-1709142526647-62c8c09207a5?q=80&w=1000&auto=format&fit=crop&ixlib=rb-4.0.3&ixid=M3wxMjA3fDB8MHxwaG90by1wYWdlfHx8fGVufDB8fHx8fA%3D%3D,
Editorial,A black and white photo of a woman hiding behind a curtain photo,photo-1710630851850-b5b6e02f1cd8.avif,https://images.unsplash.com/photo-1710630851850-b5b6e02f1cd8?q=80&w=1000&auto=format&fit=crop&ixlib=rb-4.0.3&ixid=M3wxMjA3fDB8MHxwaG90by1wYWdlfHx8fGVufDB8fHx8fA%3D%3D,
Editorial,A man and a woman holding their pregnant belly photo,photo-1710897538241-a8a47f7f73b9.avif,https://images.unsplash.com/photo-1710897538241-a8a47f7f73b9?q=80&w=1000&auto=format&fit=crop&ixlib=rb-4.0.3&ixid=M3wxMjA3fDB8MHxwaG90by1wYWdlfHx8fGVufDB8fHx8fA%3D%3D,
Editorial,A black and white photo of a lighthouse on a rocky shore photo,photo-1710415273379-741f889cbf65.avif,https://images.unsplash.com/photo-1710415273379-741f889cbf65?q=80&w=1000&auto=format&fit=crop&ixlib=rb-4.0.3&ixid=M3wxMjA3fDB8MHxwaG90by1wYWdlfHx8fGVufDB8fHx8fA%3D%3D,
Editorial,A woman in a bathing suit holding a pair of scissors photo,photo-1710598586964-77602da09d41.avif,https://images.unsplash.com/photo-1710598586964-77602da09d41?q=80&w=1000&auto=format&fit=crop&ixlib=rb-4.0.3&ixid=M3wxMjA3fDB8MHxwaG90by1wYWdlfHx8fGVufDB8fHx8fA%3D%3D,
Editorial,A black and white photo of a building photo,premium_photo-1675337267945-3b2fff5344a0.avif,https://plus.unsplash.com/premium_photo-1675337267945-3b2fff5344a0?q=80&w=1000&auto=format&fit=crop&ixlib=rb-4.0.3&ixid=M3wxMjA3fDB8MHxwaG90by1wYWdlfHx8fGVufDB8fHx8fA%3D%3D,
Wallpapers,A green field with purple flowers in it photo,premium_photo-1710787193417-bad683ad7fc6.avif,https://plus.unsplash.com/premium_photo-1710787193417-bad683ad7fc6?q=80&w=1000&auto=format&fit=crop&ixlib=rb-4.0.3&ixid=M3wxMjA3fDB8MHxwaG90by1wYWdlfHx8fGVufDB8fHx8fA%3D%3D,
Wallpapers,A painting of flowers and a tree on a hill photo,premium_photo-1710787193487-9e7f43c02551.avif,https://plus.unsplash.com/premium_photo-1710787193487-9e7f43c02551?q=80&w=1000&auto=format&fit=crop&ixlib=rb-4.0.3&ixid=M3wxMjA3fDB8MHxwaG90by1wYWdlfHx8fGVufDB8fHx8fA%3D%3D,
Spring,A branch of pink flowers against a blue sky photo,photo-1710894566472-6bab88ed3eb6.avif,https://images.unsplash.com/photo-1710894566472-6bab88ed3eb6?q=80&w=1000&auto=format&fit=crop&ixlib=rb-4.0.3&ixid=M3wxMjA3fDB8MHxwaG90by1wYWdlfHx8fGVufDB8fHx8fA%3D%3D,
Wallpapers,A painting of a boat on a lake surrounded by green hills photo,premium_photo-1710787193365-cbc782344920.avif,https://plus.unsplash.com/premium_photo-1710787193365-cbc782344920?q=80&w=1000&auto=format&fit=crop&ixlib=rb-4.0.3&ixid=M3wxMjA3fDB8MHxwaG90by1wYWdlfHx8fGVufDB8fHx8fA%3D%3D,
Wallpapers,A set of stairs leading up to a building photo,photo-1710694445510-c5e5c3cc9f9d.avif,https://images.unsplash.com/photo-1710694445510-c5e5c3cc9f9d?q=80&w=1000&auto=format&fit=crop&ixlib=rb-4.0.3&ixid=M3wxMjA3fDB8MHxwaG90by1wYWdlfHx8fGVufDB8fHx8fA%3D%3D,
Wallpapers,A snow covered road with a mountain in the background photo,photo-1710761820250-56a088a5aa40.avif,https://images.unsplash.com/photo-1710761820250-56a088a5aa40?q=80&w=1000&auto=format&fit=crop&ixlib=rb-4.0.3&ixid=M3wxMjA3fDB8MHxwaG90by1wYWdlfHx8fGVufDB8fHx8fA%3D%3D,
Wallpapers,A red house sitting on top of snow covered ground photo,photo-1710761819415-ff464e204fae.avif,https://images.unsplash.com/photo-1710761819415-ff464e204fae?q=80&w=1000&auto=format&fit=crop&ixlib=rb-4.0.3&ixid=M3wxMjA3fDB8MHxwaG90by1wYWdlfHx8fGVufDB8fHx8fA%3D%3D,
Wallpapers,A group of icebergs that are floating in the water photo,photo-1710087992365-ce7d0e38b26d.avif,https://images.unsplash.com/photo-1710087992365-ce7d0e38b26d?q=80&w=1000&auto=format&fit=crop&ixlib=rb-4.0.3&ixid=M3wxMjA3fDB8MHxwaG90by1wYWdlfHx8fGVufDB8fHx8fA%3D%3D,
Wallpapers,A mountain with a lake in front of it photo,photo-1690373403498-a29da916ecf9.avif,https://images.unsplash.com/photo-1690373403498-a29da916ecf9?q=80&w=1000&auto=format&fit=crop&ixlib=rb-4.0.3&ixid=M3wxMjA3fDB8MHxwaG90by1wYWdlfHx8fGVufDB8fHx8fA%3D%3D,
Wallpapers,A bunch of flowers that are in the grass photo,photo-1710736493415-8c14f62d25ca.avif,https://images.unsplash.com/photo-1710736493415-8c14f62d25ca?q=80&w=1000&auto=format&fit=crop&ixlib=rb-4.0.3&ixid=M3wxMjA3fDB8MHxwaG90by1wYWdlfHx8fGVufDB8fHx8fA%3D%3D,
Spring,A field of flowers with a tree in the middle photo,premium_photo-1710865692323-f44f50f02ba2.avif,https://plus.unsplash.com/premium_photo-1710865692323-f44f50f02ba2?q=80&w=1000&auto=format&fit=crop&ixlib=rb-4.0.3&ixid=M3wxMjA3fDB8MHxwaG90by1wYWdlfHx8fGVufDB8fHx8fA%3D%3D,
Spring,A tree filled with lots of red flowers photo,photo-1710894042510-f1b90d7d63cd.avif,https://images.unsplash.com/photo-1710894042510-f1b90d7d63cd?q=80&w=1000&auto=format&fit=crop&ixlib=rb-4.0.3&ixid=M3wxMjA3fDB8MHxwaG90by1wYWdlfHx8fGVufDB8fHx8fA%3D%3D,
Spring,A white flower with a yellow center surrounded by green leaves photo,photo-1709349669552-971e56ea4d2b.avif,https://images.unsplash.com/photo-1709349669552-971e56ea4d2b?q=80&w=1000&auto=format&fit=crop&ixlib=rb-4.0.3&ixid=M3wxMjA3fDB8MHxwaG90by1wYWdlfHx8fGVufDB8fHx8fA%3D%3D,
Spring,A close up of a flower in a field of flowers photo,photo-1707456020420-e2fdf90bb28b.avif,https://images.unsplash.com/photo-1707456020420-e2fdf90bb28b?q=80&w=1000&auto=format&fit=crop&ixlib=rb-4.0.3&ixid=M3wxMjA3fDB8MHxwaG90by1wYWdlfHx8fGVufDB8fHx8fA%3D%3D,
Spring,A close up of a white flower with green leaves photo,photo-1709349669569-a0d0df064451.avif,https://images.unsplash.com/photo-1709349669569-a0d0df064451?q=80&w=1000&auto=format&fit=crop&ixlib=rb-4.0.3&ixid=M3wxMjA3fDB8MHxwaG90by1wYWdlfHx8fGVufDB8fHx8fA%3D%3D,
Spring,A close up of a pink flower with green leaves in the background photo,photo-1709349669542-a106392b1e88.avif,https://images.unsplash.com/photo-1709349669542-a106392b1e88?q=80&w=1000&auto=format&fit=crop&ixlib=rb-4.0.3&ixid=M3wxMjA3fDB8MHxwaG90by1wYWdlfHx8fGVufDB8fHx8fA%3D%3D,
Spring,A small bird sitting on top of a dry grass plant photo,photo-1688346859680-63a1a44e3942.avif,https://images.unsplash.com/photo-1688346859680-63a1a44e3942?q=80&w=1000&auto=format&fit=crop&ixlib=rb-4.0.3&ixid=M3wxMjA3fDB8MHxwaG90by1wYWdlfHx8fGVufDB8fHx8fA%3D%3D,
Spring,A close up of a green leaf on a branch photo,photo-1654019176958-1ead391fdf78.avif,https://images.unsplash.com/photo-1654019176958-1ead391fdf78?q=80&w=1000&auto=format&fit=crop&ixlib=rb-4.0.3&ixid=M3wxMjA3fDB8MHxwaG90by1wYWdlfHx8fGVufDB8fHx8fA%3D%3D,
Spring,Water droplets on red flower photo,photo-1622054176180-4d743a2735e1.avif,https://images.unsplash.com/photo-1622054176180-4d743a2735e1?q=80&w=1000&auto=format&fit=crop&ixlib=rb-4.0.3&ixid=M3wxMjA3fDB8MHxwaG90by1wYWdlfHx8fGVufDB8fHx8fA%3D%3D,
Unsplash+,A couple of people sitting on top of a sandy beach photo,premium_photo-1707793862259-78c4112475d1.avif,https://plus.unsplash.com/premium_photo-1707793862259-78c4112475d1?q=80&w=1000&auto=format&fit=crop&ixlib=rb-4.0.3&ixid=M3wxMjA3fDB8MHxwaG90by1wYWdlfHx8fGVufDB8fHx8fA%3D%3D,
Unsplash+,A woman laying on the floor with her legs crossed photo,premium_photo-1674421795177-eadfb18a27c8.avif,https://plus.unsplash.com/premium_photo-1674421795177-eadfb18a27c8?q=80&w=1000&auto=format&fit=crop&ixlib=rb-4.0.3&ixid=M3wxMjA3fDB8MHxwaG90by1wYWdlfHx8fGVufDB8fHx8fA%3D%3D,
Unsplash+,A kitchen with blue cabinets and counter tops photo,premium_photo-1674326713338-a7ff323c7d72.avif,https://plus.unsplash.com/premium_photo-1674326713338-a7ff323c7d72?q=80&w=1000&auto=format&fit=crop&ixlib=rb-4.0.3&ixid=M3wxMjA3fDB8MHxwaG90by1wYWdlfHx8fGVufDB8fHx8fA%3D%3D,
Unsplash+,A man with a long red beard wearing a virtual headset photo,premium_photo-1710294629873-9bf4ddb53e7c.avif,https://plus.unsplash.com/premium_photo-1710294629873-9bf4ddb53e7c?q=80&w=1000&auto=format&fit=crop&ixlib=rb-4.0.3&ixid=M3wxMjA3fDB8MHxwaG90by1wYWdlfHx8fGVufDB8fHx8fA%3D%3D,
Unsplash+,A person's hand reaching out towards the sun photo,premium_photo-1709311439560-849f769e9c1c.avif,https://plus.unsplash.com/premium_photo-1709311439560-849f769e9c1c?q=80&w=1000&auto=format&fit=crop&ixlib=rb-4.0.3&ixid=M3wxMjA3fDB8MHxwaG90by1wYWdlfHx8fGVufDB8fHx8fA%3D%3D,
Unsplash+,A man in a suit and glasses with a futuristic background photo,premium_photo-1710514754126-606ceb7291d3.avif,https://plus.unsplash.com/premium_photo-1710514754126-606ceb7291d3?q=80&w=1000&auto=format&fit=crop&ixlib=rb-4.0.3&ixid=M3wxMjA3fDB8MHxwaG90by1wYWdlfHx8fGVufDB8fHx8fA%3D%3D,
Unsplash+,A person standing in the middle of a large body of water photo,premium_photo-1709461951077-a146479bc949.avif,https://plus.unsplash.com/premium_photo-1709461951077-a146479bc949?q=80&w=1000&auto=format&fit=crop&ixlib=rb-4.0.3&ixid=M3wxMjA3fDB8MHxwaG90by1wYWdlfHx8fGVufDB8fHx8fA%3D%3D,
Unsplash+,A woman holding a doll in front of her face photo,premium_photo-1710799499290-14b859e4fb6d.avif,https://plus.unsplash.com/premium_photo-1710799499290-14b859e4fb6d?q=80&w=1000&auto=format&fit=crop&ixlib=rb-4.0.3&ixid=M3wxMjA3fDB8MHxwaG90by1wYWdlfHx8fGVufDB8fHx8fA%3D%3D,
